{"catagory": "C_retail_latent", "_timestamp": 1688079154.1427977, "_runtime": 5.43600869178772, "_step": 0, "_wandb": {"runtime": 4}}